Wall time,Step,Value
1682428212.0837975,0,178305.125
1682428219.8918352,1,144106.25
1682428227.8447258,2,143540.40625
1682428235.7122614,3,143151.625
1682428243.3875952,4,143023.28125
1682428250.9898949,5,143237.484375
1682428258.6400645,6,143039.0
1682428266.121512,7,143809.765625
1682428273.5046368,8,143228.875
1682428280.9935675,9,142554.828125
1682428288.8915963,10,142859.890625
1682428296.5927925,11,132525.3125
1682428304.2883463,12,103769.7890625
1682428312.1690295,13,76797.1328125
1682428319.947795,14,72507.9140625
1682428327.8895245,15,70050.0390625
1682428335.7341058,16,68300.328125
1682428343.0432012,17,66882.296875
1682428350.5264564,18,65038.8671875
1682428358.3153508,19,60151.48046875
1682428366.0237422,20,48927.90234375
1682428373.636513,21,41281.8515625
1682428381.1955605,22,37136.4765625
1682428388.9845698,23,35223.40625
1682428397.0127351,24,33067.640625
1682428404.8649464,25,31954.923828125
1682428412.4933,26,30701.79296875
1682428419.9531393,27,30144.14453125
1682428427.317625,28,29254.083984375
1682428434.8989387,29,29154.462890625
1682428442.2715523,30,28942.724609375
1682428449.65623,31,28425.638671875
1682428457.4054458,32,28023.833984375
1682428465.362169,33,27844.80078125
1682428472.925859,34,27427.80078125
1682428480.4125695,35,27276.73828125
1682428487.9610162,36,26804.095703125
1682428495.9407241,37,26762.509765625
1682428503.6190171,38,26523.57421875
1682428511.4558158,39,26183.013671875
1682428519.2544858,40,26106.095703125
1682428527.0801852,41,25902.345703125
1682428534.8059309,42,25457.015625
1682428542.612355,43,25314.208984375
1682428550.3000405,44,24929.365234375
1682428558.0865088,45,24706.091796875
1682428565.844732,46,24399.255859375
1682428573.5955129,47,23829.693359375
1682428581.3493407,48,23354.0234375
1682428589.1021852,49,22769.615234375
1682428596.9365265,50,21985.998046875
1682428604.8185942,51,21120.625
1682428612.464513,52,20280.365234375
1682428620.2658293,53,19686.443359375
1682428628.38735,54,19160.248046875
1682428636.3294668,55,18523.916015625
1682428644.16892,56,17628.7890625
1682428652.1289246,57,16675.09765625
1682428659.988559,58,16043.71484375
1682428667.7966704,59,15214.3779296875
1682428675.5881853,60,14405.2666015625
1682428683.4563704,61,13767.2978515625
1682428691.3833714,62,13001.42578125
1682428699.2691784,63,12352.03515625
1682428706.7738492,64,12096.29296875
1682428714.4948092,65,11292.404296875
1682428722.1728256,66,10831.8017578125
1682428729.8493488,67,10684.990234375
1682428737.3687577,68,10312.1953125
1682428744.9422796,69,9890.458984375
1682428752.6884174,70,9471.0791015625
1682428760.4323397,71,9473.7041015625
1682428768.8429048,72,9409.5703125
1682428777.1323874,73,9007.443359375
1682428785.4741042,74,9152.556640625
1682428793.4983404,75,9010.9375
1682428801.1778457,76,8928.01171875
1682428808.7753344,77,9268.7392578125
1682428816.2795818,78,9221.021484375
1682428823.71817,79,9445.0439453125
1682428831.2808332,80,9238.3349609375
1682428838.8273442,81,8918.8828125
1682428846.7268627,82,8732.15625
1682428854.6421635,83,8367.3994140625
1682428862.538412,84,8186.13232421875
1682428870.5552819,85,7811.79345703125
1682428878.0855703,86,8117.41845703125
1682428885.6595256,87,7756.6923828125
1682428893.3991008,88,7636.65625
1682428901.2672687,89,7591.37646484375
1682428909.1730514,90,7209.21484375
1682428917.15624,91,7187.384765625
1682428925.1533902,92,7137.56640625
1682428932.8365386,93,7092.70361328125
1682428940.4099116,94,7138.9794921875
1682428948.1259508,95,6880.1982421875
1682428956.086488,96,6905.03369140625
1682428963.9707198,97,6580.5087890625
1682428971.910761,98,6507.2431640625
1682428979.6552272,99,6386.64501953125
1682428987.2188144,100,6450.43359375
1682428995.0384257,101,6322.3427734375
1682429002.8628554,102,6417.81396484375
1682429010.8073273,103,6871.13330078125
1682429018.9018931,104,6336.65771484375
1682429026.7564058,105,6194.9912109375
1682429034.574072,106,6104.4970703125
1682429042.5538013,107,6297.8232421875
1682429050.4141698,108,6510.97021484375
1682429058.221603,109,5962.46337890625
1682429066.1933234,110,6051.9111328125
1682429073.7199438,111,5822.6640625
1682429081.057942,112,5787.27294921875
1682429088.4059043,113,6033.96337890625
1682429095.8244457,114,5447.66259765625
1682429103.269238,115,5437.22705078125
1682429110.6403039,116,5535.236328125
1682429117.980438,117,5770.62646484375
1682429125.396623,118,5416.390625
1682429132.8732314,119,5408.16015625
1682429140.4072807,120,5270.212890625
1682429147.7988968,121,5308.8154296875
1682429155.604686,122,5217.3046875
1682429163.5134327,123,5445.04443359375
1682429171.346692,124,5221.99853515625
1682429179.151461,125,5596.6181640625
1682429186.762133,126,5264.89208984375
1682429194.524796,127,5751.23486328125
1682429202.2001224,128,5071.25146484375
1682429209.8409896,129,5281.32275390625
1682429217.4807549,130,4829.3740234375
1682429225.1539564,131,5008.7724609375
1682429232.894396,132,4667.927734375
1682429240.6961238,133,4871.74462890625
1682429248.2917516,134,4578.6083984375
1682429255.924057,135,4910.78955078125
1682429263.5819037,136,4637.3740234375
1682429271.407426,137,4674.47412109375
1682429279.0483127,138,4394.9111328125
1682429286.680597,139,4492.32080078125
1682429294.360537,140,4275.126953125
1682429301.9909084,141,4431.27001953125
1682429309.6289403,142,4293.33251953125
1682429317.2500484,143,4432.0009765625
1682429324.8711333,144,4248.51416015625
1682429332.540005,145,4363.44140625
1682429340.2217815,146,4151.80029296875
1682429347.8870397,147,4284.8935546875
1682429355.6385062,148,4041.52978515625
1682429363.735246,149,4224.3681640625
1682429371.5367193,150,3964.576904296875
1682429379.3002636,151,4131.77685546875
1682429387.0633018,152,3781.369873046875
1682429394.8307135,153,3899.308837890625
1682429402.6581879,154,3740.220703125
1682429410.435404,155,3910.9912109375
1682429418.464869,156,3986.829345703125
1682429426.1250498,157,3871.31005859375
1682429433.8302493,158,3817.119384765625
1682429441.4652777,159,3764.564208984375
1682429449.2464213,160,3699.089111328125
1682429457.326175,161,3629.908203125
1682429465.20948,162,3450.69677734375
1682429473.0135713,163,3670.423583984375
1682429480.786516,164,3461.437255859375
1682429488.555537,165,3622.025390625
1682429496.5352008,166,3521.38623046875
1682429504.4983747,167,3373.2998046875
1682429512.3762767,168,3613.264892578125
1682429520.1045647,169,3592.28759765625
1682429527.9047909,170,3459.1923828125
1682429535.7722986,171,3612.869384765625
1682429543.5247076,172,3699.0361328125
1682429551.262271,173,3419.057373046875
1682429558.9652665,174,3621.093017578125
1682429566.6697366,175,3527.844482421875
1682429574.6757617,176,3388.465576171875
1682429582.6355135,177,3177.54736328125
1682429590.3530738,178,3263.67919921875
1682429598.2409165,179,3152.62060546875
1682429606.2930558,180,3303.9970703125
1682429614.1371944,181,3161.522705078125
1682429621.6838412,182,3365.26123046875
1682429629.0558963,183,3899.758544921875
1682429636.6097853,184,4841.61328125
1682429644.2173674,185,3394.992919921875
1682429651.9654858,186,3448.434326171875
1682429659.4049866,187,3221.843505859375
1682429666.7631516,188,3210.40478515625
1682429674.133213,189,3142.61572265625
1682429681.7027466,190,3199.147705078125
1682429689.425595,191,3115.348876953125
1682429697.0901732,192,3270.51806640625
1682429704.8878038,193,3118.02001953125
1682429712.7030234,194,3231.987548828125
1682429720.6081219,195,3089.515869140625
1682429728.7875633,196,3118.606201171875
1682429736.8634276,197,3065.89208984375
1682429745.1707351,198,3143.467041015625
1682429753.0043647,199,3154.263671875
1682429760.8296623,200,3203.8388671875
1682429768.826897,201,3066.120361328125
1682429776.800827,202,3004.825439453125
1682429784.6461742,203,2958.10546875
1682429792.0339012,204,3026.479248046875
1682429799.4547272,205,3261.291748046875
1682429806.909764,206,3357.910400390625
1682429814.7325752,207,4329.2314453125
1682429822.5596435,208,3454.453857421875
1682429829.9836998,209,3060.12109375
1682429837.5234072,210,3040.639404296875
1682429844.947163,211,2824.37451171875
1682429852.812858,212,2887.06103515625
1682429860.700121,213,2879.037841796875
1682429868.5979958,214,3326.266357421875
1682429876.4235687,215,3074.939453125
1682429884.3299716,216,3186.3818359375
1682429892.1134107,217,2954.564453125
1682429899.8897388,218,2954.43994140625
1682429907.323649,219,2892.294189453125
1682429914.7176907,220,2914.456787109375
1682429922.153663,221,2717.758056640625
1682429929.539874,222,2848.865966796875
1682429937.008704,223,2724.796875
1682429944.4335623,224,2956.0390625
1682429951.961703,225,2823.82470703125
1682429959.42393,226,3004.360595703125
1682429967.2207856,227,2873.83642578125
1682429974.634475,228,3065.52490234375
1682429981.940492,229,2836.36865234375
1682429989.2290618,230,3000.90673828125
1682429996.6380274,231,2748.8203125
1682430004.3035429,232,2868.758056640625
1682430011.9507473,233,2676.1064453125
1682430019.7181468,234,2798.191650390625
1682430027.0617042,235,2649.630615234375
1682430034.4065983,236,2819.768798828125
1682430042.24928,237,2698.785400390625
1682430050.0024548,238,2816.820068359375
1682430057.8625326,239,2652.594482421875
1682430065.9052207,240,2782.974853515625
1682430074.0042608,241,2581.058837890625
1682430081.934951,242,2711.021484375
1682430090.044013,243,2544.7294921875
1682430098.2645133,244,2697.9296875
1682430106.3544736,245,2569.95556640625
1682430114.0955858,246,2703.814697265625
1682430122.0562723,247,2588.6416015625
1682430129.8440268,248,2720.748291015625
1682430137.687558,249,2557.527587890625
1682430145.5659912,250,2749.597900390625
1682430153.5684085,251,2545.877685546875
1682430161.4198613,252,2640.71044921875
1682430169.3795636,253,2464.612548828125
1682430176.8325303,254,2595.88916015625
1682430184.5172403,255,2742.2529296875
1682430192.4867182,256,2946.3701171875
1682430200.303576,257,3026.096923828125
1682430207.8450747,258,2656.188720703125
1682430215.2438629,259,2488.880126953125
1682430222.7152448,260,2683.821044921875
1682430230.2442944,261,2480.19677734375
1682430237.7228553,262,2415.17724609375
1682430245.1555681,263,2305.926025390625
1682430252.6243927,264,2421.708740234375
1682430260.2001417,265,2520.34423828125
1682430268.1393912,266,2496.2724609375
1682430276.0868485,267,2666.23828125
1682430283.8425288,268,2600.144287109375
1682430291.6115575,269,2902.659423828125
1682430299.3670413,270,2882.39453125
1682430307.1733904,271,2493.58203125
1682430314.880642,272,2365.4375
1682430322.4801948,273,2235.8662109375
1682430330.024667,274,2235.736328125
1682430337.4821815,275,2272.26953125
1682430344.9455984,276,2226.79736328125
1682430352.380652,277,2252.605712890625
1682430359.844725,278,2302.526123046875
1682430367.3046794,279,2446.543212890625
1682430374.795985,280,2604.24853515625
1682430382.7784972,281,2406.47998046875
1682430390.762678,282,2543.62890625
1682430398.639627,283,2791.614501953125
1682430406.451407,284,2440.786865234375
1682430414.3244083,285,2530.521484375
1682430422.242197,286,2360.655517578125
1682430430.0801785,287,2348.751953125
1682430438.022044,288,2241.31005859375
1682430445.976456,289,2214.748291015625
1682430453.3247855,290,2242.798828125
1682430460.7672653,291,2587.875732421875
1682430468.1559947,292,2764.582763671875
1682430475.7812119,293,2473.54541015625
1682430483.5704978,294,2338.978271484375
1682430490.879234,295,2313.78759765625
1682430498.1945965,296,2398.809326171875
1682430505.5548239,297,2328.617919921875
1682430512.935335,298,2310.4453125
1682430520.3282661,299,2197.232177734375
1682430527.7644408,300,2184.505126953125
1682430535.2153015,301,2204.008056640625
1682430542.6943793,302,2207.620361328125
1682430550.1543703,303,2240.662353515625
1682430557.6007411,304,2497.93701171875
1682430565.2785945,305,2653.69384765625
1682430572.9711325,306,2705.7138671875
1682430580.678401,307,2261.70947265625
1682430588.465218,308,2231.46435546875
1682430596.247909,309,2188.9443359375
1682430603.9338145,310,2078.92138671875
1682430611.6377075,311,2188.7216796875
1682430619.2787304,312,2185.3740234375
1682430627.0380404,313,2207.999755859375
1682430634.7288256,314,2204.228759765625
1682430642.5642781,315,2653.771240234375
1682430650.4465506,316,2598.911376953125
1682430658.110928,317,2292.804443359375
1682430665.924638,318,2256.7333984375
1682430673.69939,319,2249.632568359375
1682430681.3947587,320,2204.782470703125
1682430689.1874993,321,2476.847412109375
1682430696.880832,322,2531.22412109375
1682430704.694258,323,2276.215087890625
1682430712.346337,324,2202.887451171875
1682430719.9846041,325,2410.494384765625
1682430727.4765549,326,2353.233154296875
1682430735.1484022,327,2296.132568359375
1682430742.964888,328,2252.25634765625
1682430750.7393143,329,2255.526123046875
1682430758.9356644,330,2304.590576171875
1682430767.067542,331,2274.507568359375
1682430774.9490755,332,2132.19287109375
1682430783.1163523,333,2078.957275390625
1682430790.9246807,334,2117.918701171875
1682430798.9302363,335,2125.703857421875
1682430806.8046124,336,2203.436279296875
1682430814.646419,337,2413.296630859375
1682430822.5126286,338,2567.08251953125
1682430830.4944355,339,2348.1962890625
1682430838.4823785,340,2332.939453125
1682430846.9611413,341,2392.558837890625
1682430855.4868321,342,2199.755615234375
1682430864.1721807,343,2074.13427734375
1682430873.8111382,344,2131.919189453125
1682430882.9179673,345,2237.898193359375
1682430891.9424696,346,2067.92822265625
1682430901.3405173,347,2006.4671630859375
1682430909.6767387,348,2085.741943359375
1682430917.8490095,349,2281.62744140625
1682430925.9532645,350,2198.5810546875
1682430934.1108544,351,2499.650634765625
1682430942.2884817,352,2463.85888671875
1682430950.6537693,353,2057.338623046875
1682430958.9386492,354,2089.321044921875
1682430967.2160304,355,2178.3837890625
1682430975.4744394,356,2209.911376953125
1682430983.6653216,357,2340.028564453125
1682430991.8583436,358,2271.109375
1682431000.1715426,359,2188.669921875
1682431008.0914783,360,2227.823974609375
1682431016.3108952,361,2304.066650390625
1682431024.4139166,362,2311.278076171875
1682431032.5044434,363,2226.39013671875
1682431040.9103258,364,2180.34716796875
1682431049.182768,365,2053.4443359375
1682431058.07887,366,2083.813232421875
1682431066.6991076,367,2081.87353515625
1682431074.826158,368,2095.2333984375
1682431083.4863448,369,2129.438232421875
1682431091.574186,370,2109.19091796875
1682431099.7983367,371,2170.03515625
1682431108.1321404,372,2179.359375
1682431116.590126,373,2318.63232421875
1682431124.699812,374,2254.31396484375
1682431133.0441635,375,2247.349853515625
1682431141.3007107,376,2182.429443359375
1682431149.706178,377,2085.928466796875
1682431158.042256,378,2065.4267578125
1682431166.5578969,379,2093.007568359375
1682431174.8140025,380,2102.215576171875
1682431183.303832,381,2158.095703125
1682431191.529001,382,2275.90380859375
1682431199.655224,383,2330.875732421875
1682431207.8727555,384,2210.585693359375
1682431216.122118,385,2199.93408203125
1682431224.40525,386,2162.311279296875
1682431233.6746566,387,2113.509765625
1682431242.76838,388,2034.53125
1682431250.9909635,389,2079.666748046875
1682431259.2743297,390,1982.626220703125
1682431267.469573,391,1947.898681640625
1682431275.7465885,392,1952.9549560546875
1682431283.9713895,393,1992.9315185546875
1682431292.2709548,394,2032.8587646484375
1682431300.6469245,395,2090.231689453125
1682431308.9765098,396,2198.939697265625
1682431317.270147,397,2147.950439453125
1682431325.5175617,398,2313.900390625
1682431333.909999,399,2394.010498046875
1682431342.1315234,400,2486.346435546875
1682431350.6255436,401,2377.22998046875
1682431358.9667368,402,2324.713623046875
1682431367.1051178,403,2153.181884765625
1682431375.6332343,404,2119.5859375
1682431384.3546607,405,2106.514404296875
1682431392.9795005,406,2186.948486328125
1682431402.1302638,407,2192.255126953125
1682431410.523941,408,2149.5068359375
1682431418.802853,409,2120.3427734375
1682431427.1600826,410,2109.60009765625
1682431435.5586083,411,2083.127685546875
1682431443.8632452,412,2035.084716796875
1682431452.1122894,413,2094.15771484375
1682431460.3204684,414,2110.7001953125
1682431468.650751,415,2307.10595703125
1682431476.8778472,416,2006.7568359375
1682431485.0828564,417,2035.9755859375
1682431493.354743,418,1974.188720703125
1682431501.605306,419,1960.2821044921875
1682431509.76449,420,1917.5601806640625
1682431518.0195057,421,1927.2147216796875
1682431526.1686351,422,1910.3665771484375
1682431534.4208744,423,1898.697509765625
1682431542.6813335,424,1912.784423828125
1682431550.966704,425,1883.972412109375
1682431559.4788795,426,1923.6715087890625
1682431567.609353,427,2003.32177734375
1682431575.8621218,428,1823.733154296875
1682431584.1951056,429,1842.2789306640625
1682431592.6304753,430,1848.5465087890625
1682431600.959153,431,1813.4775390625
1682431609.3615532,432,1913.354248046875
1682431617.742158,433,1855.8240966796875
1682431626.0386467,434,1864.3009033203125
1682431634.446867,435,1987.7227783203125
1682431642.791005,436,1973.604248046875
1682431651.138737,437,1969.936767578125
1682431659.561443,438,2001.508056640625
1682431668.0883517,439,2126.840576171875
1682431676.4106977,440,2075.995361328125
1682431685.659493,441,1988.648681640625
1682431694.2748718,442,1964.858154296875
1682431702.8794215,443,2092.765380859375
1682431711.3089662,444,2073.125244140625
1682431719.5519545,445,2182.7919921875
1682431728.032556,446,2139.86669921875
1682431737.192684,447,2230.13525390625
1682431746.0694084,448,2102.10009765625
1682431754.6463537,449,2034.2608642578125
1682431763.3126416,450,2046.937744140625
1682431771.7450511,451,1996.3826904296875
1682431780.183367,452,2313.82568359375
1682431788.8814175,453,2461.9951171875
1682431797.4920952,454,2210.0703125
1682431805.9832828,455,1899.061279296875
1682431814.4421263,456,1837.0787353515625
1682431822.8583071,457,1786.0472412109375
1682431831.9800825,458,1790.961181640625
1682431840.2811606,459,1777.274658203125
1682431848.7881584,460,1810.6253662109375
1682431857.0869672,461,1814.77587890625
1682431865.5583718,462,1917.9837646484375
1682431874.124606,463,1946.640625
1682431882.5634396,464,1859.8037109375
1682431891.0807948,465,1838.044921875
1682431899.5295994,466,1827.9705810546875
1682431908.0207312,467,1816.9453125
1682431916.528164,468,1827.279296875
1682431924.9726431,469,1809.6170654296875
1682431933.5064929,470,1801.71337890625
1682431942.5468419,471,1820.5264892578125
1682431951.5400708,472,1823.5584716796875
1682431960.6418607,473,1807.8243408203125
1682431969.8844097,474,1803.6834716796875
1682431978.3432026,475,1767.07177734375
1682431987.332046,476,1858.015625
1682431995.9284282,477,1772.6846923828125
1682432004.5909367,478,1774.2896728515625
1682432013.1245604,479,1702.8275146484375
1682432021.6542747,480,1696.77490234375
1682432030.1953843,481,1673.3470458984375
1682432038.6171443,482,1721.5205078125
1682432047.0289202,483,1732.7095947265625
1682432055.4491272,484,1768.3375244140625
1682432063.6938457,485,1786.4747314453125
1682432071.9708319,486,2058.543212890625
1682432080.2993858,487,1948.079345703125
1682432088.5519323,488,2182.5126953125
1682432096.9063783,489,2581.078125
1682432105.2155573,490,2184.740478515625
1682432113.8042681,491,1914.8721923828125
1682432122.3637562,492,1720.326171875
1682432130.8851333,493,1693.22314453125
1682432139.3694007,494,1724.389404296875
1682432147.8868403,495,1719.61083984375
1682432156.344672,496,1691.6690673828125
1682432164.9273257,497,1677.8670654296875
1682432173.7928221,498,1780.5589599609375
1682432182.1915967,499,1757.7471923828125
1682432190.6913795,500,1891.424072265625
1682432199.1790566,501,1754.2840576171875
1682432207.5056953,502,1723.601806640625
1682432216.0559967,503,1623.23681640625
1682432224.5680285,504,1628.358642578125
1682432233.1000907,505,1558.6905517578125
1682432241.5371633,506,1581.7110595703125
1682432250.0300436,507,1554.336181640625
1682432258.4381256,508,1539.269775390625
1682432267.0426407,509,1526.947021484375
1682432275.795334,510,1550.719482421875
1682432284.8447978,511,1600.908447265625
1682432294.0178072,512,1637.245361328125
1682432302.9927347,513,1831.1649169921875
1682432311.8850665,514,1849.9083251953125
1682432320.505929,515,2011.35595703125
1682432328.998889,516,2239.42138671875
1682432337.441342,517,2109.227294921875
1682432345.781089,518,1729.6881103515625
1682432354.317153,519,1690.5703125
1682432362.5276904,520,1602.8997802734375
1682432371.2801068,521,1638.982177734375
1682432379.9996936,522,1564.1802978515625
1682432388.5626128,523,1580.2900390625
1682432396.987159,524,1563.5885009765625
1682432405.4349504,525,1597.2908935546875
1682432413.7775686,526,1636.4835205078125
1682432422.2153316,527,1854.655029296875
1682432430.675482,528,2047.3465576171875
1682432439.1200643,529,2106.57666015625
1682432447.586476,530,1923.041259765625
1682432455.9821918,531,1750.8231201171875
1682432464.3115432,532,1651.4871826171875
1682432472.672601,533,1633.7474365234375
1682432481.0916853,534,1562.5572509765625
1682432489.4644656,535,1616.0819091796875
1682432497.8630166,536,1529.9869384765625
1682432506.2890677,537,1571.39306640625
1682432514.919162,538,1553.7431640625
1682432523.3727093,539,1637.4317626953125
1682432531.6937172,540,1662.3436279296875
1682432539.9700966,541,1777.373046875
1682432548.2451136,542,1774.5633544921875
1682432556.5688386,543,1788.6131591796875
1682432564.8413591,544,1697.0875244140625
1682432573.1311185,545,1805.1036376953125
1682432581.462263,546,1700.4771728515625
1682432589.8759496,547,1742.385498046875
1682432598.2176924,548,1636.8455810546875
1682432606.478439,549,1791.0897216796875
1682432614.7183905,550,1620.4630126953125
1682432623.5439756,551,1700.6290283203125
1682432631.9457748,552,1754.9639892578125
1682432640.303898,553,1751.6546630859375
1682432648.6503787,554,1719.2552490234375
1682432657.1308782,555,1602.365478515625
1682432665.4852521,556,1581.2271728515625
1682432673.7664335,557,1589.7247314453125
1682432682.129519,558,1510.1806640625
1682432690.4188964,559,1550.5394287109375
1682432698.6805103,560,1551.7508544921875
1682432707.1169252,561,1487.3916015625
1682432715.6863422,562,1631.9384765625
1682432724.1597042,563,1950.7674560546875
1682432732.3802745,564,2189.35498046875
1682432740.554948,565,1878.4114990234375
1682432748.9875565,566,1634.3209228515625
1682432757.3357217,567,1551.072998046875
1682432765.8366554,568,1475.089111328125
1682432774.3156765,569,1548.36279296875
1682432782.7519536,570,1502.08740234375
1682432791.1601667,571,1471.88037109375
1682432799.6238644,572,1599.5634765625
1682432808.082274,573,1720.7742919921875
1682432816.497703,574,1670.1065673828125
1682432824.966873,575,1613.2987060546875
1682432833.511808,576,1529.4378662109375
1682432841.9523377,577,1488.5272216796875
1682432850.3388643,578,1463.1806640625
1682432858.6189196,579,1499.2666015625
1682432867.2807405,580,1469.2059326171875
1682432875.9824305,581,1721.828125
1682432885.192745,582,1662.858642578125
1682432894.2036955,583,1586.873046875
1682432903.4003806,584,1806.016845703125
1682432911.969322,585,1757.2303466796875
1682432920.463443,586,1954.4647216796875
1682432928.928535,587,1811.3609619140625
1682432937.466531,588,1799.780517578125
1682432945.9273074,589,1796.00341796875
1682432954.6022005,590,1557.8302001953125
1682432963.1645448,591,1482.0667724609375
1682432971.611733,592,1474.1387939453125
1682432980.0176363,593,1435.4517822265625
1682432988.3762834,594,1452.4345703125
1682432996.7273054,595,1489.9747314453125
1682433005.0817022,596,1476.3779296875
1682433013.5565298,597,1496.916015625
1682433021.9803476,598,1448.5120849609375
1682433030.4546118,599,1481.7899169921875
